timestamp,ip_address,username,service,event_type
2026-03-25T12:32:58,172.16.19.10,vagrant,proftpd,ftp_login_failed
2026-03-25T13:19:14,172.16.19.10,vagrant,proftpd,ftp_login_failed
2026-03-25T16:46:53,172.16.19.10,vagrant,proftpd,ftp_login_failed
2026-03-25T16:46:54,172.16.19.10,vagrant,proftpd,ftp_login_failed
2026-03-25T16:47:23,172.16.19.10,vagrant,proftpd,ftp_login_failed
2026-03-25T16:47:24,172.16.19.10,vagrant,proftpd,ftp_login_failed
2026-03-25T16:47:52,172.16.19.10,vagrant,proftpd,ftp_login_failed
2026-03-25T16:47:53,172.16.19.10,vagrant,proftpd,ftp_login_failed
2026-03-25T17:01:10,172.16.19.10,vagrant,proftpd,ftp_login_failed
2026-03-25T17:01:11,172.16.19.10,vagrant,proftpd,ftp_login_failed
2026-03-27T08:52:36,172.16.19.10,vagrant,proftpd,ftp_login_failed
2026-03-27T08:52:37,172.16.19.10,vagrant,proftpd,ftp_login_failed
2026-03-27T08:52:38,172.16.19.10,vagrant,proftpd,ftp_login_failed
2026-03-27T08:52:39,172.16.19.10,vagrant,proftpd,ftp_login_failed
2026-03-27T08:52:40,172.16.19.10,vagrant,proftpd,ftp_login_failed
2026-03-27T08:52:41,172.16.19.10,vagrant,proftpd,ftp_login_failed
2026-03-27T08:52:42,172.16.19.10,vagrant,proftpd,ftp_login_failed
2026-03-27T08:52:43,172.16.19.10,vagrant,proftpd,ftp_login_failed
2026-03-27T08:52:44,172.16.19.10,vagrant,proftpd,ftp_login_failed
2026-03-27T08:52:45,172.16.19.10,vagrant,proftpd,ftp_login_failed
2026-03-27T08:52:46,172.16.19.10,vagrant,proftpd,ftp_login_failed
2026-03-27T08:52:47,172.16.19.10,vagrant,proftpd,ftp_login_failed
2026-03-27T08:52:48,172.16.19.10,vagrant,proftpd,ftp_login_failed
2026-03-27T08:52:49,172.16.19.10,vagrant,proftpd,ftp_login_failed
2026-03-27T08:52:50,172.16.19.10,vagrant,proftpd,ftp_login_failed
2026-03-27T08:52:51,172.16.19.10,vagrant,proftpd,ftp_login_failed
2026-03-27T08:52:52,172.16.19.10,vagrant,proftpd,ftp_login_failed
2026-03-27T08:52:53,172.16.19.10,vagrant,proftpd,ftp_login_failed
2026-03-27T08:52:54,172.16.19.10,vagrant,proftpd,ftp_login_failed
2026-03-27T08:52:55,172.16.19.10,vagrant,proftpd,ftp_login_failed
2026-03-27T08:52:56,172.16.19.10,vagrant,proftpd,ftp_login_failed
2026-03-27T08:52:57,172.16.19.10,vagrant,proftpd,ftp_login_failed
2026-03-27T08:52:58,172.16.19.10,vagrant,proftpd,ftp_login_failed
2026-03-27T08:52:59,172.16.19.10,vagrant,proftpd,ftp_login_failed
2026-03-27T08:53:00,172.16.19.10,vagrant,proftpd,ftp_login_failed
2026-03-27T08:53:01,172.16.19.10,vagrant,proftpd,ftp_login_failed
2026-03-27T08:53:02,172.16.19.10,vagrant,proftpd,ftp_login_failed
2026-03-27T08:53:03,172.16.19.10,vagrant,proftpd,ftp_login_failed
2026-03-27T08:53:04,172.16.19.10,vagrant,proftpd,ftp_login_failed
2026-03-27T08:53:05,172.16.19.10,vagrant,proftpd,ftp_login_failed
2026-03-27T08:53:06,172.16.19.10,vagrant,proftpd,ftp_login_failed
2026-03-27T08:53:07,172.16.19.10,vagrant,proftpd,ftp_login_failed
2026-03-27T08:53:08,172.16.19.10,vagrant,proftpd,ftp_login_failed
2026-03-27T08:53:09,172.16.19.10,vagrant,proftpd,ftp_login_failed
2026-03-27T08:53:10,172.16.19.10,vagrant,proftpd,ftp_login_failed
2026-03-27T08:53:11,172.16.19.10,vagrant,proftpd,ftp_login_failed
2026-03-27T08:53:12,172.16.19.10,vagrant,proftpd,ftp_login_failed
2026-03-27T08:53:13,172.16.19.10,vagrant,proftpd,ftp_login_failed
2026-03-27T08:53:14,172.16.19.10,vagrant,proftpd,ftp_login_failed
2026-03-27T08:53:15,172.16.19.10,vagrant,proftpd,ftp_login_failed
2026-03-27T08:53:16,172.16.19.10,vagrant,proftpd,ftp_login_failed
2026-03-27T08:53:17,172.16.19.10,vagrant,proftpd,ftp_login_failed
2026-03-27T08:53:22,172.16.19.10,vagrant,proftpd,ftp_login_failed
2026-03-27T08:53:23,172.16.19.10,vagrant,proftpd,ftp_login_failed
2026-03-27T08:53:24,172.16.19.10,vagrant,proftpd,ftp_login_failed
2026-03-27T08:53:25,172.16.19.10,vagrant,proftpd,ftp_login_failed
2026-03-27T08:53:26,172.16.19.10,vagrant,proftpd,ftp_login_failed
2026-03-27T08:53:27,172.16.19.10,vagrant,proftpd,ftp_login_failed
2026-03-27T08:53:28,172.16.19.10,vagrant,proftpd,ftp_login_failed
2026-03-27T08:53:29,172.16.19.10,vagrant,proftpd,ftp_login_failed
2026-03-27T08:53:30,172.16.19.10,vagrant,proftpd,ftp_login_failed
2026-03-27T08:53:31,172.16.19.10,vagrant,proftpd,ftp_login_failed
2026-03-27T08:53:32,172.16.19.10,vagrant,proftpd,ftp_login_failed
2026-03-27T08:53:33,172.16.19.10,vagrant,proftpd,ftp_login_failed
2026-03-27T08:53:34,172.16.19.10,vagrant,proftpd,ftp_login_failed
2026-03-27T08:53:35,172.16.19.10,vagrant,proftpd,ftp_login_failed
2026-03-27T08:53:36,172.16.19.10,vagrant,proftpd,ftp_login_failed
2026-03-27T08:53:37,172.16.19.10,vagrant,proftpd,ftp_login_failed
2026-03-27T08:53:38,172.16.19.10,vagrant,proftpd,ftp_login_failed
2026-03-27T08:53:39,172.16.19.10,vagrant,proftpd,ftp_login_failed
2026-03-27T08:53:40,172.16.19.10,vagrant,proftpd,ftp_login_failed
2026-03-27T08:53:41,172.16.19.10,vagrant,proftpd,ftp_login_failed
2026-03-27T08:53:42,172.16.19.10,vagrant,proftpd,ftp_login_failed
2026-03-27T09:03:52,172.16.19.10,vagrant,proftpd,ftp_login_failed
2026-03-27T09:03:53,172.16.19.10,vagrant,proftpd,ftp_login_failed
2026-03-27T09:03:54,172.16.19.10,vagrant,proftpd,ftp_login_failed
2026-03-27T09:03:55,172.16.19.10,vagrant,proftpd,ftp_login_failed
2026-03-27T09:03:56,172.16.19.10,vagrant,proftpd,ftp_login_failed
2026-03-27T09:03:57,172.16.19.10,vagrant,proftpd,ftp_login_failed
2026-03-27T09:03:58,172.16.19.10,vagrant,proftpd,ftp_login_failed
2026-03-27T09:03:59,172.16.19.10,vagrant,proftpd,ftp_login_failed
2026-03-27T09:04:00,172.16.19.10,vagrant,proftpd,ftp_login_failed
2026-03-27T09:04:01,172.16.19.10,vagrant,proftpd,ftp_login_failed
2026-03-27T09:04:02,172.16.19.10,vagrant,proftpd,ftp_login_failed
2026-03-27T09:04:03,172.16.19.10,vagrant,proftpd,ftp_login_failed
2026-03-27T09:04:04,172.16.19.10,vagrant,proftpd,ftp_login_failed
2026-03-27T09:04:05,172.16.19.10,vagrant,proftpd,ftp_login_failed
2026-03-27T09:04:06,172.16.19.10,vagrant,proftpd,ftp_login_failed
2026-03-27T09:04:07,172.16.19.10,vagrant,proftpd,ftp_login_failed
2026-03-27T09:04:08,172.16.19.10,vagrant,proftpd,ftp_login_failed
2026-03-27T09:04:09,172.16.19.10,vagrant,proftpd,ftp_login_failed
2026-03-27T09:04:10,172.16.19.10,vagrant,proftpd,ftp_login_failed
2026-03-27T09:04:11,172.16.19.10,vagrant,proftpd,ftp_login_failed
2026-03-27T09:04:12,172.16.19.10,vagrant,proftpd,ftp_login_failed
2026-03-27T09:04:13,172.16.19.10,vagrant,proftpd,ftp_login_failed
2026-03-27T09:04:14,172.16.19.10,vagrant,proftpd,ftp_login_failed
2026-03-27T09:04:15,172.16.19.10,vagrant,proftpd,ftp_login_failed
2026-03-27T09:04:16,172.16.19.10,vagrant,proftpd,ftp_login_failed
2026-03-27T09:04:17,172.16.19.10,vagrant,proftpd,ftp_login_failed
2026-03-27T09:04:18,172.16.19.10,vagrant,proftpd,ftp_login_failed
2026-03-27T09:04:19,172.16.19.10,vagrant,proftpd,ftp_login_failed
2026-03-27T09:04:20,172.16.19.10,vagrant,proftpd,ftp_login_failed
2026-03-27T09:04:21,172.16.19.10,vagrant,proftpd,ftp_login_failed
2026-03-27T09:04:22,172.16.19.10,vagrant,proftpd,ftp_login_failed
2026-03-27T09:04:23,172.16.19.10,vagrant,proftpd,ftp_login_failed
2026-03-27T09:04:24,172.16.19.10,vagrant,proftpd,ftp_login_failed
2026-03-27T09:04:25,172.16.19.10,vagrant,proftpd,ftp_login_failed
2026-03-27T09:04:26,172.16.19.10,vagrant,proftpd,ftp_login_failed
2026-03-27T09:04:27,172.16.19.10,vagrant,proftpd,ftp_login_failed
2026-03-27T09:04:28,172.16.19.10,vagrant,proftpd,ftp_login_failed
2026-03-27T09:04:29,172.16.19.10,vagrant,proftpd,ftp_login_failed
2026-03-27T09:04:30,172.16.19.10,vagrant,proftpd,ftp_login_failed
2026-03-27T09:04:31,172.16.19.10,vagrant,proftpd,ftp_login_failed
2026-03-27T09:04:37,172.16.19.10,vagrant,proftpd,ftp_login_failed
2026-03-27T09:04:38,172.16.19.10,vagrant,proftpd,ftp_login_failed
2026-03-27T09:04:39,172.16.19.10,vagrant,proftpd,ftp_login_failed
2026-03-27T09:04:40,172.16.19.10,vagrant,proftpd,ftp_login_failed
2026-03-27T09:04:41,172.16.19.10,vagrant,proftpd,ftp_login_failed
2026-03-27T09:04:42,172.16.19.10,vagrant,proftpd,ftp_login_failed
2026-03-27T09:04:43,172.16.19.10,vagrant,proftpd,ftp_login_failed
2026-03-27T09:04:44,172.16.19.10,vagrant,proftpd,ftp_login_failed
2026-03-27T09:04:45,172.16.19.10,vagrant,proftpd,ftp_login_failed
2026-03-27T09:04:46,172.16.19.10,vagrant,proftpd,ftp_login_failed
2026-03-27T09:04:47,172.16.19.10,vagrant,proftpd,ftp_login_failed
2026-03-27T09:04:48,172.16.19.10,vagrant,proftpd,ftp_login_failed
2026-03-27T09:04:49,172.16.19.10,vagrant,proftpd,ftp_login_failed
2026-03-27T09:04:50,172.16.19.10,vagrant,proftpd,ftp_login_failed
2026-03-27T09:04:51,172.16.19.10,vagrant,proftpd,ftp_login_failed
2026-03-27T09:04:52,172.16.19.10,vagrant,proftpd,ftp_login_failed
2026-03-27T09:04:53,172.16.19.10,vagrant,proftpd,ftp_login_failed
2026-03-27T09:04:54,172.16.19.10,vagrant,proftpd,ftp_login_failed
2026-03-27T09:04:55,172.16.19.10,vagrant,proftpd,ftp_login_failed
2026-03-27T09:04:56,172.16.19.10,vagrant,proftpd,ftp_login_failed
